Name,filters passed,NSE,BSE,Sector,epsQ,epsQ%,salesQ,salesQ%,ATPMQ,ATPQ,epsA,epsA%
A K Spintex,1,,539300,miscellaneous,"['1.10', '-0.86', '--', '0.91', '0.43', '--', '--', '--', '--', '--']",[155.81395348837214],"['--', '--', '--', '--', '--', '--', '--', '--', '--', '--']",[-1],[],"['0.55', '-0.43', '0.22', '0.17', '0.21', '-0.05', '0.09', '0.23', '0.13', '-0.17']","['0.24', '0.11']",[]
A.K.Capital Ser,1,,530499,financegeneral,"['8.13', '7.17', '6.11', '6.35', '8.11', '8.25', '6.88', '7.81', '7.80', '17.40']","[0.24660912453762454, -13.090909090909092, -11.191860465116273, -18.693982074263765, 3.974358974358969, -52.58620689655172]","['18.96', '33.86', '22.99', '17.74', '20.03', '26.48', '20.92', '23.99', '23.33', '34.87']","[-44.00472533963378, 47.28142670726403, 29.594137542277345, -11.432850723914141, -24.35800604229607, 26.577437858508596, -12.796998749478936, 2.8289755679382775, -33.09435044450817]","[0.28270042194092826, 0.1396928529238039, 0.5550239234449761, 0.23618940248027062, 0.26709935097353965, 0.2054380664652568, 0.2170172084130019, 0.2150896206752814, 0.2207458208315474, 0.3295096071121308]","['5.36', '4.73', '12.76', '4.19', '5.35', '5.44', '4.54', '5.16', '5.15', '11.49']","['27.74', '30.74', '47.98', '47.02', '81.52']","[-9.759271307742354, -35.93163818257607, 2.041684389621424, -42.32090284592737]"
A2Z Infra Eng,1,A2ZINFRA,533292,powertransmissionequipment,"['-3.61', '-12.66', '-3.58', '-4.70', '6.49', '-9.91', '-5.01', '-4.49', '-6.87', '-3.91']",[],"['81.56', '63.16', '53.50', '43.50', '56.23', '78.03', '75.29', '103.48', '77.59', '115.56']","[29.132362254591527, 18.056074766355135, 22.988505747126435, -22.63916059043215, -27.937972574650782, 3.6392615221144835, -27.241979126401233, 33.36770202345663, -32.85739010038075]","[-0.44053457577243743, -1.7343255224825842, -0.5151401869158878, -0.8022988505747126, 0.8557709407789437, -0.9422017172882224, -0.49369106122991097, -0.3217046772323154, -0.6570434334321432, -0.25121149186569747]","['-35.93', '-109.54', '-27.56', '-34.90', '48.12', '-73.52', '-37.17', '-33.29', '-50.98', '-29.03']","['-15.91', '-26.28', '-7.25', '2.61', '15.12']",[]
Aadhaar Venture,1,,531611,miscellaneous,"['--', '--', '--', '--', '--', '--', '--', '--', '--', '--']",[],"['6.48', '6.30', '5.87', '5.11', '4.68', '4.55', '3.33', '3.68', '4.79', '35.24']","[2.857142857142867, 7.325383304940369, 14.872798434442263, 9.188034188034202, 2.857142857142855, 36.636636636636624, -9.510869565217392, -23.173277661795407, -86.40749148694665]","[0.012345679012345678, -0.014285714285714285, 0.034071550255536626, 0.033268101761252444, 0.008547008547008548, 0.03736263736263737, 0.006006006006006006, 0.005434782608695652, 0.004175365344467641, -0.01674233825198638]","['0.08', '-0.09', '0.20', '0.17', '0.04', '0.17', '0.02', '0.02', '0.02', '-0.59']","['--', '--', '--', '0.07', '0.06']",[]
Aadi Industries,1,,530027,financeleasinghirepurchase,"['-0.03', '1.25', '-0.04', '0.23', '--', '-13.00', '-0.05', '-0.05', '-0.19', '-0.69']",[],"['--', '--', '--', '--', '--', '--', '--', '--', '--', '--']",[-1],[],"['-0.03', '1.25', '-0.04', '0.02', '-4.78', '-12.67', '-0.10', '-0.53', '-0.19', '-0.69']","['-3.54', '-13.48', '-1.22', '-2.42', '2.85']",[]
Aagam Capital,1,,531866,financeleasinghirepurchase,"['0.07', '0.05', '0.06', '0.06', '0.06', '-0.04', '0.06', '0.05', '0.02', '0.04']","[16.666666666666682, 225.0, 0.0, 19.99999999999999, 199.99999999999994, -200.0]","['--', '--', '--', '--', '0.04', '0.04', '0.04', '--', '--', '--']",[-1],[],"['0.03', '0.03', '0.03', '0.03', '0.03', '-0.02', '0.03', '0.03', '0.01', '0.02']","['0.23', '0.09', '-5.26', '-7.32', '0.45']","[155.55555555555557, 101.71102661596959, 28.142076502732245, -1726.6666666666665]"
Aamcol Tools,1,,505212,machinetools,"['--', '--', '-2.40', '0.94', '0.53', '1.07', '-0.53', '0.13', '--', '--']",[],"['2.87', '3.05', '3.06', '3.52', '3.21', '3.09', '2.84', '2.76', '2.64', '3.10']","[-5.9016393442622865, -0.3267973856209226, -13.068181818181818, 9.657320872274147, 3.8834951456310716, 8.802816901408452, 2.898550724637684, 4.5454545454545325, -14.838709677419354]","[-0.04181184668989547, -0.08852459016393444, -0.11764705882352941, 0.03977272727272728, 0.024922118380062305, 0.05177993527508091, -0.028169014084507043, 0.007246376811594204, -0.05303030303030303, -0.0064516129032258064]","['-0.12', '-0.27', '-0.36', '0.14', '0.08', '0.16', '-0.08', '0.02', '-0.14', '-0.02']","['--', '--', '--', '13.50', '--']",[]
Aankit Granites,1,,523511,ceramicsgranite,"['-0.64', '-1.23', '-0.84', '-1.68', '-0.20', '-0.06', '0.01', '0.02', '0.02', '0.01']",[],"['--', '--', '0.25', '0.57', '0.80', '1.15', '0.84', '1.45', '1.32', '0.71']",[-1],[],"['-0.52', '-1.00', '-0.69', '-1.37', '-0.16', '-0.05', '0.01', '0.02', '0.01', '0.01']","['-3.95', '-0.02', '0.01', '0.05', '0.07']",[]
Aarey Drugs,1,,524412,pharmaceuticals,"['0.36', '0.05', '0.09', '0.16', '0.34', '-0.15', '0.15', '0.46', '0.15', '-0.32']","[5.8823529411764595, 133.33333333333334, -40.0, -65.21739130434784, 126.66666666666669, 53.125]","['41.85', '77.19', '52.77', '48.88', '34.61', '36.99', '58.34', '57.44', '46.96', '49.08']","[-45.78313253012048, 46.276293348493446, 7.958265139116204, 41.230858133487445, -6.434171397675054, -36.595817620843334, 1.5668523676880324, 22.316865417376484, -4.319478402607982]","[0.014336917562724013, 0.0010364036792330613, 0.002842524161455372, 0.005523731587561375, 0.016758162380814793, -0.006758583400919167, 0.004285224545766198, 0.014101671309192203, 0.005110732538330494, -0.011002444987775062]","['0.60', '0.08', '0.15', '0.27', '0.58', '-0.25', '0.25', '0.81', '0.24', '-0.54']","['0.65', '0.62', '0.39', '0.19', '1.65']","[4.8387096774193585, 58.974358974358964, 105.26315789473684, -88.48484848484848]"
Aarti Drugs,1,AARTIDRUGS,524348,pharmaceuticals,"['7.04', '7.79', '18.79', '15.49', '14.24', '18.13', '11.69', '11.36', '9.78', '11.40']","[-50.56179775280899, -57.03254274682846, 60.73567151411463, 36.35563380281691, 45.60327198364009, 59.03508771929823]","['263.29', '277.61', '259.59', '285.88', '259.60', '281.79', '221.76', '247.80', '218.59', '220.17']","[-5.158315622636069, 6.941715782580237, -9.196166223590325, 10.123266563944519, -7.874658433585292, 27.06980519480521, -10.508474576271194, 13.362916876343844, -0.7176272880047164]","[0.06475749173914695, 0.06793703396851698, 0.08763819869794677, 0.0655869595634532, 0.06640986132511555, 0.07789488626281982, 0.06385281385281386, 0.055528652138821626, 0.0541653323573814, 0.06272425852750148]","['17.05', '18.86', '22.75', '18.75', '17.24', '21.95', '14.16', '13.76', '11.84', '13.81']","['32.04', '50.21', '37.36', '19.50', '18.58']","[-36.188010356502694, 34.39507494646681, 91.58974358974359, 4.951560818083971]"
Aarti Ind,1,AARTIIND,524208,chemicals,"['6.87', '5.95', '4.84', '5.72', '4.68', '5.29', '4.17', '4.78', '2.54', '4.35']","[46.79487179487181, 12.476370510396977, 16.067146282973617, 19.665271966527182, 84.251968503937, 21.609195402298862]","['665.95', '667.54', '681.33', '750.25', '725.01', '735.46', '639.67', '637.70', '585.85', '584.18']","[-0.23818797375436948, -2.0239825048067863, -9.186271242919021, 3.4813312919821806, -1.4208794495961772, 14.974908937420869, 0.30892269092048197, 8.850388324656485, 0.2858707932486687]","[0.0914483069299497, 0.07903646223447285, 0.06295040582390324, 0.06760413195601465, 0.0571440393925601, 0.06368803197998532, 0.05779542576641081, 0.066410537870472, 0.03845694290347359, 0.06598993460919579]","['60.90', '52.76', '42.89', '50.72', '41.43', '46.84', '36.97', '42.35', '22.53', '38.55']","['21.20', '16.78', '14.83', '11.36', '8.70']","[26.340882002383776, 13.14902225219151, 30.54577464788733, 30.574712643678165]"
Aarvee Denim,1,AARVEEDEN,514274,textilesdenim,"['0.93', '0.36', '-0.31', '0.72', '-0.69', '-3.85', '0.40', '3.23', '1.58', '5.05']","[234.7826086956522, 109.35064935064935, -177.5, -77.70897832817337, -143.67088607594937, -176.23762376237627]","['207.45', '192.62', '166.61', '187.04', '170.28', '166.36', '149.15', '188.26', '164.40', '177.82']","[7.699096667012763, 15.61130784466718, -10.92279726261761, 9.842612168193558, 2.3563356576099945, 11.538719409989948, -20.774460852013167, 14.513381995133813, -7.546957597570571]","[0.010508556278621356, 0.004360917869380127, -0.00438148970650021, 0.00908896492728828, -0.009513742071881607, -0.05427987496994469, 0.006235333556821991, 0.040263465420163604, 0.022506082725060828, 0.06664042289956136]","['2.18', '0.84', '-0.73', '1.70', '-1.62', '-9.03', '0.93', '7.58', '3.70', '11.85']","['0.08', '1.36', '19.19', '5.98', '14.25']","[-94.11764705882352, -92.91297550807712, 220.90301003344482, -58.03508771929824]"
Aarya Global,1,,531731,textileswoollenworsted,"['0.02', '0.55', '0.01', '0.01', '--', '0.54', '0.02', '0.02', '0.01', '0.03']",[],"['--', '0.05', '0.32', '0.28', '0.10', '0.93', '0.28', '0.26', '0.26', '0.46']",[-1],[],"['0.05', '1.08', '0.09', '0.15', '0.04', '0.45', '0.17', '0.17', '0.16', '0.32']","['0.06', '0.10', '0.08', '0.12', '0.11']","[-40.00000000000001, 25.000000000000007, -33.33333333333333, 9.090909090909086]"
Aashee Infotech,1,,519319,vanaspatioils,"['0.34', '0.02', '-0.02', '-0.08', '-0.01', '-0.12', '0.27', '-0.08', '-0.04', '0.09']","[3500.0, 116.66666666666666, -107.40740740740742, 0.0, 75.0, -233.33333333333334]","['5.48', '25.39', '1.69', '0.88', '0.17', '--', '5.03', '--', '2.01', '30.30']","[-78.4166994879874, 1402.3668639053253, 92.04545454545455, 417.64705882352933]","[0.023722627737226276, 0.0019692792437967705, -0.00591715976331361, -0.03409090909090909, 0.0]","['0.13', '0.05', '-0.01', '-0.03', '0.00', '-0.04', '0.10', '-0.03', '-0.02', '0.04']","['0.02', '--', '0.29', '0.32', '0.22']",[]
Aasheesh Sec,1,,531514,financeinvestments,"['-0.03', '-0.03', '-0.03', '-0.03', '-0.03', '-0.03', '-0.03', '-0.03', '-0.03', '-0.03']",[],"['--', '--', '--', '--', '--', '--', '--', '--', '--', '--']",[-1],[],"['0.00', '0.00', '0.00', '0.00', '0.00', '0.00', '0.00', '0.00', '0.00', '0.00']","['-0.12', '-0.12', '-0.12', '-18.87', '--']",[]
Aaswa Trading,1,,512038,trading,"['-0.57', '-1.80', '0.12', '0.11', '0.07', '0.12', '0.13', '0.10', '0.09', '0.14']",[],"['1.50', '3.74', '0.65', '0.50', '1.05', '1.55', '--', '--', '1.05', '1.50']","[-59.89304812834225, 475.38461538461536, 30.000000000000004, -52.38095238095239, -32.25806451612903]","[-0.02666666666666667, -0.034759358288770054, 0.015384615384615384, 0.02, 0.009523809523809523, 0.0064516129032258064]","['-0.04', '-0.13', '0.01', '0.01', '0.01', '0.01', '0.01', '0.01', '0.01', '0.01']","['-1.43', '0.43', '0.47', '0.43', '0.55']",[]
AB Nuvo,1,ABIRLANUVO,500303,diversified,"['7.43', '6.45', '8.60', '20.21', '5.30', '7.55', '8.24', '18.17', '21.08', '16.12']","[40.18867924528301, -14.569536423841056, 4.368932038834945, 11.22729774353329, -74.85768500948767, -53.163771712158805]","['2252.39', '2048.90', '2352.17', '2511.55', '1955.44', '1949.19', '2199.57', '2115.29', '1686.79', '2375.67']","[9.931670652545257, -12.893200746544679, -6.3458820250442995, 28.43912367548992, 0.32064601193316195, -11.38313397618626, 3.9843236624765495, 25.403280787768484, -28.997293395126434]","[0.042949933182086585, 0.04095368246376104, 0.04754758372056442, 0.10471222949971133, 0.0352606063085546, 0.05039016206732027, 0.04721831994435276, 0.10327661928151696, 0.1502261692326846, 0.07736343852471092]","['96.74', '83.91', '111.84', '262.99', '68.95', '98.22', '103.86', '218.46', '253.40', '183.79']","['40.56', '54.30', '37.23', '30.43', '35.84']","[-25.30386740331491, 45.85012087026592, 22.346368715083788, -15.09486607142858]"
Abacus Computer,1,,508987,computerssoftwaremediumsmall,"['--', '--', '--', '--', '--', '--', '--', '--', '--', '--']",[],"['0.00', '--', '--', '--', '0.00', '0.00', '0.00', '0.00', '0.00', '0.00']",[-1],[],"['0.00', '0.00', '0.00', '0.00', '0.00', '0.00', '0.00', '-0.03', '0.00', '0.00']","['--', '--', '--', '--', '--']",[]
Aban Offshore,1,ABAN,523204,oildrillingandexploration,"['12.59', '2.23', '10.95', '11.28', '15.29', '30.40', '14.48', '0.29', '-3.70', '1.51']","[-17.658600392413337, -92.66447368421052, -24.37845303867404, 3789.6551724137935, 513.2432432432432, 1913.2450331125824]","['234.02', '167.99', '184.05', '198.26', '209.45', '256.06', '231.69', '169.97', '162.22', '195.90']","[39.30591106613488, -8.725889703884814, -7.167355997175416, -5.342563857722606, -18.20276497695853, 10.518365056756876, 36.31229040418897, 4.777462704968561, -17.19244512506381]","[0.3136911375096145, 0.07071849514852074, 0.30817712578103773, 0.27998587713104006, 0.3175936977798997, 0.516480512379911, 0.27187189779446674, 0.007413072895216803, -0.09912464554308963, 0.03363961204696273]","['73.41', '11.88', '56.72', '55.51', '66.52', '132.25', '62.99', '1.26', '-16.08', '6.59']","['29.87', '33.91', '14.51', '-34.49', '53.76']","[-11.91388970805071, 133.70089593383872, 142.0701652652943, -164.15550595238096]"
ABB,1,ABB,500002,infrastructuregeneral,"['2.71', '2.56', '3.97', '2.12', '2.25', '2.44', '2.76', '1.68', '1.90', '2.01']","[20.444444444444443, 4.9180327868852505, 43.840579710144944, 26.190476190476204, 18.421052631578952, 21.393034825870657]","['1906.47', '1785.01', '2204.89', '1821.38', '1794.40', '1809.98', '2174.91', '1762.40', '1720.54', '1953.36']","[6.804443672584469, -19.043126868007015, 21.056012474058118, 1.5035666518056185, -0.8607829920772565, -16.77908511156783, 23.406150703586004, 2.4329570948655728, -11.91894991194659]","[0.03013422713181954, 0.030414395437560575, 0.03816970461111439, 0.024695560509064553, 0.026577128845296474, 0.028552801688416445, 0.026939045753617396, 0.021601225601452563, 0.023446127378613693, 0.021788098455993776]","['57.45', '54.29', '84.16', '44.98', '47.69', '51.68', '58.59', '38.07', '40.34', '42.56']","['10.78', '8.46', '6.48', '8.71', '2.98']","[27.42316784869974, 30.555555555555557, -25.602755453501725, 192.2818791946309]"
Abbott India,1,ABBOTINDIA,500488,pharmaceuticals,"['32.26', '23.42', '30.37', '30.00', '18.07', '25.16', '21.27', '13.98', '14.92', '23.42']",[],"['623.28', '580.99', '562.28', '577.42', '478.55', '471.81', '444.73', '429.68', '406.52', '437.52']","[7.278954887347452, 3.3275236536956743, -2.622008243566206, 20.66032807439138, 1.4285411500392127, 6.089087761113481, 3.5026065909514084, 5.697136672242455, -7.085390382153959]","[0.10999871646771917, 0.08564691302776295, 0.11476488582201039, 0.11038758615912161, 0.08024239891338418, 0.11330832326572138, 0.10161221415240707, 0.06914447961273507, 0.07797894322542556, 0.11375479978058146]","['68.56', '49.76', '64.53', '63.74', '38.40', '53.46', '45.19', '29.71', '31.70', '49.77']","['107.75', '75.32', '68.10', '56.66', '--']","[43.056293149229965, 10.602055800293684, 20.190610660077652]"
ABC Bearings,1,ANTFRIBEAR,505665,bearings,"['0.96', '1.65', '0.81', '0.37', '0.79', '3.05', '0.46', '0.28', '0.22', '0.08']","[21.518987341772142, -45.90163934426229, 76.08695652173914, 32.14285714285713, 259.0909090909091, 3712.499999999999]","['43.79', '43.56', '38.24', '39.64', '40.03', '40.24', '29.75', '32.34', '37.21', '33.79']","[0.5280073461891571, 13.912133891213388, -3.531786074672045, -0.9742692980264814, -0.521868787276344, 35.26050420168068, -8.008658008658017, -13.087879602257452, 10.121337673868014]","[0.025119890385932864, 0.0438475665748393, 0.024581589958158994, 0.010847628657921292, 0.022732950287284538, 0.08772365805168986, 0.01781512605042017, 0.00989486703772418, 0.006987368986831497, 0.0026635099141757916]","['1.10', '1.91', '0.94', '0.43', '0.91', '3.53', '0.53', '0.32', '0.26', '0.09']","['3.62', '4.01', '4.59', '13.28', '24.47']","[-9.725685785536152, -12.636165577342052, -65.4367469879518, -45.72946465059256]"
ABC Gas,1,,513119,metalsnonferrous,"['--', '0.47', '0.10', '0.15', '0.06', '0.30', '0.19', '0.21', '0.11', '0.18']",[],"['0.29', '1.82', '0.81', '0.41', '1.02', '0.86', '0.33', '0.73', '0.75', '1.27']","[-84.06593406593407, 124.69135802469135, 97.56097560975611, -59.80392156862746, 18.6046511627907, 160.6060606060606, -54.794520547945204, -2.6666666666666687, -40.94488188976378]","[0.0, 0.04945054945054945, 0.024691358024691357, 0.07317073170731707, 0.00980392156862745, 0.06976744186046512, 0.12121212121212122, 0.05479452054794521, 0.02666666666666667, 0.031496062992125984]","['0.00', '0.09', '0.02', '0.03', '0.01', '0.06', '0.04', '0.04', '0.02', '0.04']","['0.78', '0.80', '0.82', '1.48', '0.86']","[-2.500000000000002, -2.4390243902438913, -44.5945945945946, 72.09302325581396]"
ABC India,1,,520123,transportlogistics,"['-3.00', '12.00', '-3.00', '-2.00', '-6.00', '-8.00', '-5.00', '17.00', '-4.00', '-3.00']",[],"['34.16', '36.66', '40.39', '37.39', '38.08', '40.62', '40.32', '39.21', '43.86', '47.58']","[-6.819421713038736, -9.234959148304045, 8.023535704733886, -1.8119747899159606, -6.253077301821761, 0.744047619047612, 2.8309104820198914, -10.60191518467852, -7.81841109709962]","[-0.04508196721311476, 0.17266775777414078, -0.04085169596434761, -0.035571008290986895, -0.08482142857142858, -0.10167405219103891, -0.06597222222222222, 0.23386891099209384, -0.0449156406748746, -0.030474989491382935]","['-1.54', '6.33', '-1.65', '-1.33', '-3.23', '-4.13', '-2.66', '9.17', '-1.97', '-1.45']","['--', '1.00', '11.00', '9.00', '10.00']",[]
Abee Printer,1,,530833,computershardware,"['--', '-0.06', '-0.06', '-0.09', '-0.11', '-0.20', '-0.07', '--', '-0.08', '--']",[],"['--', '--', '--', '--', '0.16', '0.18', '0.28', '0.24', '0.27', '0.26']",[-1],[],"['-0.09', '-0.11', '-0.06', '-0.09', '-0.11', '0.20', '-0.08', '-0.11', '-0.08', '-0.13']","['-0.06', '-0.07', '--', '--', '--']",[]
ABG Infralogist,1,ABGHEAVY,520155,engineering,"['-1.08', '-1.28', '-3.79', '-4.58', '-7.02', '-2.72', '-3.22', '-2.32', '1.55', '-2.01']",[],"['19.63', '22.00', '17.67', '16.78', '11.57', '18.82', '19.35', '24.63', '29.27', '20.83']","[-10.772727272727277, 24.504810413129587, 5.303933253873662, 45.03025064822818, -38.52284803400637, -2.7390180878553028, -21.437271619975633, -15.85240860949778, 40.51848295727317]","[-0.06622516556291391, -0.06954545454545455, -0.2563667232597623, -0.3265792610250298, -0.7260155574762317, -0.17321997874601486, -0.1994832041343669, -0.11287048315062931, 0.06320464639562692, -0.11521843494959194]","['-1.30', '-1.53', '-4.53', '-5.48', '-8.40', '-3.26', '-3.86', '-2.78', '1.85', '-2.40']","['-11.44', '-15.29', '-5.25', '9.26', '6.62']",[]
ABG Shipyard,1,ABGSHIP,532682,shipping,"['-46.36', '-75.22', '-52.84', '-33.93', '-10.92', '-9.62', '-30.65', '0.26', '0.83', '2.83']",[],"['20.88', '20.52', '30.56', '71.00', '264.00', '389.00', '284.55', '373.60', '422.22', '391.57']","[1.7543859649122777, -32.853403141361255, -56.95774647887324, -73.10606060606061, -32.13367609254499, 36.707081356527844, -23.835653104925054, -11.51532376486192, 7.8274637995760745]","[-11.954980842911878, -18.26803118908382, -9.635471204188482, -2.436619718309859, -0.21212121212121213, -0.12596401028277635, -0.5485151994377087, 0.0034796573875802996, 0.010065842451802377, 0.036826110274025076]","['-249.62', '-374.86', '-294.46', '-173.00', '-56.00', '-49.00', '-156.08', '1.30', '4.25', '14.42']","['-172.91', '-39.14', '21.04', '35.42', '37.08']",[]
Abhinav Capital,1,,532057,financegeneral,"['1.63', '1.05', '0.96', '0.76', '0.95', '-0.26', '0.34', '-0.25', '-0.98', '-0.98']","[71.57894736842105, 503.8461538461538, 182.35294117647055, 404.0, 196.9387755102041, 73.46938775510205]","['1.87', '1.09', '1.25', '0.61', '0.86', '0.35', '0.46', '0.01', '-0.63', '0.01']","[71.55963302752293, -12.799999999999995, 104.91803278688525, -29.069767441860467, 145.71428571428572, -23.913043478260878, 4500.0, -101.58730158730158, -6400.0]","[0.60427807486631, 0.6697247706422018, 0.536, 0.8688524590163935, 0.7674418604651163, -0.5142857142857143, 0.5217391304347826, -17.0, 1.0793650793650795, -68.0]","['1.13', '0.73', '0.67', '0.53', '0.66', '-0.18', '0.24', '-0.17', '-0.68', '-0.68']","['2.01', '0.60', '-0.38', '0.72', '3.21']","[234.99999999999997, 257.89473684210526, -152.7777777777778, -77.57009345794394]"
Abhishek Corp,1,ABHISHEK,532831,textilesspinningcottonblended,"['-15.50', '-12.56', '-14.72', '-13.71', '-11.50', '-14.04', '-11.69', '-10.90', '-12.38', '-9.93']",[],"['1.39', '1.62', '2.33', '1.73', '5.29', '6.07', '2.06', '9.97', '4.27', '1.03']","[-14.19753086419754, -30.472103004291846, 34.6820809248555, -67.29678638941398, -12.850082372322902, 194.66019417475727, -79.33801404212637, 133.48946135831386, 314.5631067961164]","[-17.848920863309353, -12.407407407407408, -10.111587982832617, -12.6878612716763, -3.4801512287334595, -3.7018121911037887, -9.08252427184466, -1.75025075225677, -4.639344262295082, -15.427184466019417]","['-24.81', '-20.10', '-23.56', '-21.95', '-18.41', '-22.47', '-18.71', '-17.45', '-19.81', '-15.89']","['-52.48', '-49.01', '-40.62', '-50.63', '-43.63']",[]
Abhishek Finle,1,,538935,financeleasinghirepurchase,"['0.06', '0.01', '0.05', '0.02', '0.07', '0.03', '0.08', '0.03', '0.02', '0.04']","[-14.285714285714295, -66.66666666666666, -37.5, -33.33333333333333, 250.0, -25.000000000000007]","['0.06', '0.14', '0.05', '0.07', '0.06', '0.08', '0.10', '0.04', '0.04', '0.09']","[-57.14285714285715, 180.0, -28.571428571428577, 16.666666666666682, -25.000000000000007, -20.000000000000004, 150.0, 0.0, -55.55555555555556]","[0.33333333333333337, 0.0, 0.39999999999999997, 0.14285714285714285, 0.5, 0.0, 0.3, 0.25, 0.25, 0.11111111111111112]","['0.02', '0.00', '0.02', '0.01', '0.03', '0.00', '0.03', '0.01', '0.01', '0.01']","['0.15', '0.17', '0.11', '0.07']","[-11.764705882352951, 54.545454545454554, 57.14285714285713]"
Abirami Finance,1,,511756,financeleasinghirepurchase,"['0.01', '0.09', '0.08', '0.03', '0.42', '--', '0.18', '0.13', '0.10', '0.15']",[-97.61904761904762],"['--', '0.00', '0.00', '0.00', '0.07', '0.09', '0.10', '0.15', '0.09', '0.11']",[-1],[],"['0.00', '0.05', '0.05', '0.02', '0.25', '-0.02', '0.11', '0.08', '0.06', '0.09']","['0.62', '0.38', '0.68', '0.18', '0.23']","[63.1578947368421, -44.117647058823536, 277.77777777777777, -21.739130434782613]"
ABL Biotech,1,,526955,pharmaceuticals,"['-0.04', '-0.05', '-0.05', '-0.05', '-0.05', '-0.05', '-0.04', '-0.04', '-0.05', '-0.04']",[],"['--', '--', '--', '--', '--', '--', '0.00', '--', '--', '--']",[-1],[],"['-0.04', '-0.04', '-0.04', '-0.04', '-0.04', '-0.04', '-0.04', '-0.03', '-0.04', '-0.03']","['-0.20', '-0.18', '-0.17', '-0.40', '-0.60']",[]
ABM Knowledg,1,,531161,computerssoftwaremediumsmall,"['4.35', '4.78', '4.29', '4.42', '4.35', '3.89', '3.18', '3.07', '2.90', '3.32']",[],"['19.76', '33.08', '16.63', '16.98', '28.66', '14.94', '15.41', '15.07', '14.61', '14.49']","[-40.266021765417165, 98.91761876127481, -2.0612485276796315, -40.75366364270761, 91.83400267737618, -3.0499675535366686, 2.2561380225613794, 3.1485284052019225, 0.8281573498964748]","[0.22014170040485825, 0.1444981862152358, 0.2579675285628383, 0.2603062426383981, 0.1517794836008374, 0.2603748326639893, 0.2063595068137573, 0.2037159920371599, 0.19849418206707733, 0.22912353347135955]","['4.35', '4.78', '4.29', '4.42', '4.35', '3.89', '3.18', '3.07', '2.90', '3.32']","['17.51', '14.48', '12.56', '15.20', '10.57']","[20.92541436464089, 15.286624203821656, -17.36842105263157, 43.803216650898754]"
Abner Pharma,1,,524011,pharmaceuticals,"['--', '--', '--', '--', '--', '--', '--', '--', '--', '--']",[],"['--', '--', '--', '--', '--', '--', '--', '--', '0.15', '0.16']",[-1],[],"['-0.01', '-0.01', '-0.01', '-0.01', '-0.01', '-0.01', '-0.01', '-0.01', '-0.03', '-0.02']","['--', '--', '--', '--', '--']",[]
ACC,1,ACC,500410,cementmajor,"['7.00', '12.81', '17.24', '10.91', '12.84', '21.24', '14.81', '6.44', '13.80', '23.31']","[-45.482866043613704, -39.689265536723155, 16.407832545577296, 69.40993788819874, -6.956521739130441, -8.880308880308881]","['2961.21', '2885.44', '2763.05', '2741.87', '3008.99', '2967.14', '2693.42', '2508.65', '2795.23', '2911.11']","[2.625942663857158, 4.429525343370546, 0.7724655071174159, -8.877397399127279, 1.4104491193539876, 10.162544274565414, 7.365316006617103, -10.25246580782261, -3.9806122063405405]","[0.04437712961931102, 0.08336683486747255, 0.11712781165740757, 0.0747336671687571, 0.08009996709859456, 0.1343819300740781, 0.1032627662971241, 0.04816933410400016, 0.09269004697287879, 0.15035501921947297]","['131.41', '240.55', '323.63', '204.91', '241.02', '398.73', '278.13', '120.84', '259.09', '437.70']","['62.23', '58.36', '56.52', '70.59', '59.66']","[6.631254283755992, 3.255484784147198, -19.9320016999575, 18.320482735501187]"
Accel Frontline,1,AFL,532774,computerssoftwaremediumsmall,"['-4.83', '-1.72', '-1.64', '0.33', '0.53', '0.11', '0.02', '0.49', '0.39', '-0.24']",[],"['55.23', '98.31', '79.97', '89.93', '71.96', '88.43', '72.19', '75.01', '61.17', '75.31']","[-43.82056759231004, 22.93360010003752, -11.07528077393529, 24.97220678154532, -18.624901051679306, 22.49619060811748, -3.759498733502209, 22.625470001634792, -18.775726995086973]","[-0.2603657432554771, -0.05218187366493744, -0.061022883581343, 0.010786167018792392, 0.02209560867148416, 0.0031663462625805723, 0.000831140047097936, 0.015731235835221968, 0.015367009972208598, -0.007701500464745717]","['-14.38', '-5.13', '-4.88', '0.97', '1.59', '0.28', '0.06', '1.18', '0.94', '-0.58']","['-2.51', '0.96', '1.15', '3.51', '2.83']",[]
Accel Transmati,1,,517494,computershardware,"['-1.12', '-2.65', '-1.11', '-1.16', '-1.48', '-1.06', '-1.36', '-3.69', '-1.69', '-1.73']",[],"['0.20', '0.23', '0.12', '0.13', '0.30', '0.28', '0.43', '0.04', '0.10', '0.03']","[-13.043478260869565, 91.66666666666669, -7.692307692307699, -56.666666666666664, 7.142857142857128, -34.883720930232556, 975.0, -60.0, 233.33333333333334]","[-6.199999999999999, -12.695652173913043, -10.166666666666666, -9.846153846153847, -5.433333333333334, -4.178571428571428, -3.488372093023256, -55.25, -18.6, -63.666666666666664]","['-1.24', '-2.92', '-1.22', '-1.28', '-1.63', '-1.17', '-1.50', '-2.21', '-1.86', '-1.91']","['-6.40', '-6.10', '-5.93', '0.26', '-3.31']",[]
Accelya Kale,1,ACCELYA,532268,computerssoftwaremediumsmall,"['14.56', '10.57', '9.35', '16.25', '10.86', '18.81', '20.99', '9.36', '10.23', '13.25']","[34.06998158379375, -43.806485911749064, -55.454978561219626, 73.61111111111113, 6.158357771260987, 41.96226415094338]","['67.84', '68.99', '69.13', '66.09', '64.96', '81.63', '65.32', '71.07', '70.91', '67.41']","[-1.6669082475720995, -0.2025169969622459, 4.5997881676501615, 1.7395320197044484, -20.42141369594512, 24.96938150642989, -8.090614886731393, 0.22563813284444592, 5.192107995846314]","[0.3203125, 0.22872880127554718, 0.20179372197309417, 0.3669238916628839, 0.24938423645320199, 0.3439911797133407, 0.47963870177587264, 0.196707471506965, 0.21534339303342265, 0.293428274736686]","['21.73', '15.78', '13.95', '24.25', '16.20', '28.08', '31.33', '13.98', '15.27', '19.78']","['50.73', '60.02', '47.73', '20.13', '--']","[-15.478173942019335, 25.749004818772274, 137.10879284649775]"
Accentia Techno,1,,531897,computerssoftwaremediumsmall,"['-1.69', '-1.00', '-3.07', '-2.91', '-3.33', '-2.26', '-2.37', '-1.45', '-3.09', '1.25']",[],"['1.13', '1.26', '1.34', '1.44', '1.74', '3.15', '5.23', '9.07', '21.60', '43.88']","[-10.317460317460327, -5.970149253731348, -6.944444444444435, -17.241379310344833, -44.76190476190476, -39.77055449330785, -42.337375964718845, -58.00925925925926, -50.77484047402005]","[-2.5398230088495577, -1.349206349206349, -3.9029850746268657, -3.4444444444444446, -3.2528735632183907, -1.2253968253968255, -0.7724665391969406, -0.2723263506063947, -0.24398148148148144, 0.046718322698268]","['-2.87', '-1.70', '-5.23', '-4.96', '-5.66', '-3.86', '-4.04', '-2.47', '-5.27', '2.05']","['-10.31', '-9.18', '7.45', '5.15', '12.66']",[]
Acclaim Ind,1,,526347,packaging,"['--', '-0.58', '-1.74', '--', '--', '--', '--', '--', '--', '--']",[],"['--', '--', '--', '--', '--', '19.01', '112.08', '170.73', '49.14', '101.47']",[-1],[],"['--', '0.00', '-0.09', '-0.09', '-0.11', '-16.03', '-1.25', '-0.44', '0.40', '-0.44']","['-0.06', '--', '--', '--', '--']",[]
Accurate Transf,1,,530513,electricequipment,"['0.66', '0.18', '0.89', '0.07', '0.11', '2.99', '2.99', '2.99', '-2.26', '3.79']","[500.0, -93.97993311036788, -70.23411371237458, -97.65886287625418, 104.86725663716814, -21.10817941952506]","['61.02', '40.97', '73.21', '72.36', '81.09', '41.03', '84.63', '15.65', '70.09', '48.33']","[48.9382474981694, -44.03769976779128, 1.1746821448313909, -10.765815760266376, 97.63587618815501, -51.51837409901926, 440.7667731629393, -77.67156513054644, 45.02379474446514]","[0.0032776138970829235, 0.00122040517451794, 0.003688020762190958, 0.002763957987838585, 0.0041928721174004195, 0.0034121374603948334, 0.003190358029067707, 0.006389776357827477, -0.009701811956056499, 0.023380922822263603]","['0.20', '0.05', '0.27', '0.20', '0.34', '0.14', '0.27', '0.10', '-0.68', '1.13']","['1.55', '0.28', '2.85', '11.49', '21.54']","[453.57142857142856, -90.17543859649123, -75.19582245430809, -46.65738161559888]"
ACE Edutrend,1,,530093,financeinvestments,"['--', '--', '--', '--', '--', '0.70', '0.69', '0.66', '-0.51', '0.68']",[],"['4.01', '7.92', '5.02', '6.25', '6.19', '5.77', '5.74', '5.42', '5.98', '5.62']","[-49.36868686868687, 57.76892430278886, -19.680000000000007, 0.969305331179315, 7.2790294627383165, 0.5226480836236822, 5.904059040590411, -9.364548494983286, 6.405693950177942]","[0.11221945137157108, -0.29292929292929293, 0.10159362549800798, 0.10400000000000001, -0.08562197092084006, 0.11265164644714039, 0.10975609756097561, 0.11070110701107011, -0.0785953177257525, 0.11032028469750889]","['0.45', '-2.32', '0.51', '0.65', '-0.53', '0.65', '0.63', '0.60', '-0.47', '0.62']","['-0.86', '1.12', '1.43', '5.10', '0.87']",[]
Ace Soft Export,1,,531525,computerssoftwaremediumsmall,"['0.43', '0.06', '0.18', '0.55', '0.03', '0.16', '0.39', '0.29', '0.46', '-0.07']","[1333.3333333333335, -62.5, -53.846153846153854, 89.65517241379312, -93.47826086956522, 328.57142857142856]","['2.14', '2.24', '1.00', '1.41', '1.26', '1.57', '1.27', '1.08', '0.78', '1.65']","[-4.464285714285718, 124.00000000000003, -29.078014184397162, 11.904761904761898, -19.74522292993631, 23.62204724409449, 17.592592592592588, 38.46153846153847, -52.72727272727272]","[0.09345794392523364, 0.01339285714285714, 0.08, 0.1843971631205674, 0.015873015873015872, 0.0445859872611465, 0.14173228346456693, 0.12962962962962962, 0.28205128205128205, -0.01818181818181818]","['0.20', '0.03', '0.08', '0.26', '0.02', '0.07', '0.18', '0.14', '0.22', '-0.03']","['0.83', '1.30', '0.84', '0.78', '0.63']","[-36.15384615384616, 54.76190476190478, 7.6923076923076845, 23.809523809523814]"
Achal Invest,1,,538570,miscellaneous,"['--', '--', '--', '0.01']",[],"['0.34', '0.32', '0.21', '0.49']","[6.250000000000005, 52.380952380952394, -57.14285714285715]","[0.029411764705882353, 0.0, 0.09523809523809525, 0.020408163265306124]","['0.01', '0.00', '0.02', '0.01']","['0.01', '0.12', '0.03', '--', '--']","[-91.66666666666667, 300.0]"
ACI Infotech,1,,517356,computershardware,"['0.01', '-0.01', '0.01', '0.01', '--', '--', '0.02', '--', '--', '--']",[],"['0.20', '1.71', '--', '--', '--', '--', '--', '--', '--', '--']",[-88.30409356725146],"[0.3, -0.08187134502923978]","['0.06', '-0.14', '0.09', '0.07', '0.05', '0.05', '0.02', '0.04', '0.04', '0.05']","['0.01', '0.01', '0.03', '0.16', '0.01']","[0.0, -66.66666666666666, -81.25, 1500.0]"
ACIL Cotton Ind,1,,530901,textilesspinningcottonblended,"['--', '--', '--', '--', '--', '--', '--', '--', '--', '--']",[],"['1.33', '3.83', '0.13', '0.10', '0.09', '0.12', '0.15', '0.13', '0.13', '0.20']","[-65.27415143603133, 2846.153846153846, 30.0, 11.111111111111121, -25.0, -20.0, 15.384615384615378, 0.0, -35.0]","[0.022556390977443608, -3.7336814621409924, 0.0, 0.0, 0.0, -0.08333333333333334, 0.0, 0.0, 0.07692307692307693, 0.3]","['0.03', '-14.30', '0.00', '0.00', '0.00', '-0.01', '0.00', '0.00', '0.01', '0.06']","['--', '--', '--', '--', '--']",[]
Acknit Knitting,1,,530043,textileshosieryknitwear,"['1.34', '3.45', '2.54', '2.98', '2.96', '2.08', '2.69', '3.13', '1.87', '2.38']","[-54.729729729729726, 65.86538461538461, -5.576208178438659, -4.792332268370604, 58.28877005347592, -12.605042016806717]","['30.28', '39.10', '29.66', '35.27', '34.46', '37.85', '30.78', '31.19', '24.11', '26.57']","[-22.55754475703325, 31.8273769386379, -15.905869010490509, 2.3505513639001805, -8.95640686922061, 22.969460688758932, -1.3145238858608532, 29.36540854417255, -9.258562288295073]","[0.011228533685601057, 0.022250639386189257, 0.02157788267026298, 0.021264530762687833, 0.02176436448055717, 0.013738441215323647, 0.022092267706302796, 0.02532863097146521, 0.019493985897967647, 0.02258185923974407]","['0.34', '0.87', '0.64', '0.75', '0.75', '0.52', '0.68', '0.79', '0.47', '0.60']","['11.93', '9.78', '6.07', '5.75', '4.72']","[21.983640081799596, 61.12026359143326, 5.565217391304353, 21.82203389830509]"
Acropetal Tech,1,ACROPETAL,533330,computerssoftware,"['-1.56', '--', '-3.45', '-3.43', '-1.70', '-19.39', '-0.22', '0.08', '0.47', '-0.08']",[],"['2.56', '4.15', '4.80', '4.77', '4.69', '10.05', '32.19', '21.93', '42.38', '40.20']","[-38.3132530120482, -13.541666666666657, 0.6289308176100681, 1.705756929637509, -53.333333333333336, -68.77912395153774, 46.78522571819425, -48.253893345917895, 5.422885572139302]","[-2.36328125, -34.92530120481927, -2.7979166666666666, -2.79874213836478, -1.4093816631130063, -7.502487562189055, -0.02702702702702703, 0.01459188326493388, 0.04318074563473336, -0.007711442786069651]","['-6.05', '-144.94', '-13.43', '-13.35', '-6.61', '-75.40', '-0.87', '0.32', '1.83', '-0.31']","['--', '-19.06', '1.32', '7.47', '9.68']",[]
Acrow India,1,,513149,constructioncontractingcivil,"['-1.30', '-0.99', '-0.99', '10.54', '-1.74', '-2.90', '-2.23', '-3.06', '-1.92', '-3.77']",[],"['--', '--', '--', '0.13', '0.08', '0.01', '0.00', '0.00', '0.02', '0.05']",[-1],[],"['-0.08', '-0.06', '-0.06', '1.96', '-0.11', '-0.19', '-0.14', '-0.20', '-0.12', '-0.01']","['21.07', '-10.12', '-2.95', '-0.11', '0.93']","[308.201581027668, -243.05084745762707, -2581.818181818182, -111.8279569892473]"
Acrysil India,1,,524091,plastics,"['5.68', '3.12', '4.08', '6.23', '7.25', '2.25', '4.60', '5.17', '5.87', '2.72']","[-21.655172413793107, 38.66666666666667, -11.304347826086948, 20.502901353965193, 23.509369676320272, -17.279411764705888]","['34.10', '25.09', '27.22', '31.60', '32.50', '26.04', '25.28', '26.86', '25.53', '20.50']","[35.910721402949385, -7.825128581925052, -13.860759493670894, -2.7692307692307647, 24.80798771121352, 3.0063291139240427, -5.882352941176464, 5.20955738347042, 24.536585365853664]","[0.07741935483870968, 0.05739338381825428, 0.06906686260102865, 0.09018987341772151, 0.10153846153846154, 0.038786482334869435, 0.08109177215189872, 0.08600148920327626, 0.10262436349392871, 0.059024390243902436]","['2.64', '1.44', '1.88', '2.85', '3.30', '1.01', '2.05', '2.31', '2.62', '1.21']","['20.49', '17.87', '12.35', '13.26', '20.38']","[14.661443760492428, 44.69635627530366, -6.862745098039216, -34.93621197252208]"
Action Const,1,ACE,532762,engineeringheavy,"['0.11', '0.19', '0.26', '0.13', '0.09', '0.17', '0.08', '0.05', '0.10', '0.31']","[22.222222222222225, 11.764705882352935, 225.0, 160.0, -10.000000000000009, -45.16129032258064]","['133.56', '164.09', '144.72', '149.09', '130.05', '169.50', '156.40', '142.83', '140.14', '169.06']","[-18.605643244560913, 13.384466556108352, -2.9311154336306955, 14.640522875816986, -23.274336283185836, 8.375959079283883, 9.50080515297906, 1.919509062366224, -17.106352774163028]","[0.008161126085654388, 0.011700895849838503, 0.017965726920950803, 0.008853712522637334, 0.006997308727412534, 0.009793510324483775, 0.005115089514066497, 0.0037107050339564517, 0.007421150278293136, 0.018336685200520526]","['1.09', '1.92', '2.60', '1.32', '0.91', '1.66', '0.80', '0.53', '1.04', '3.10']","['0.68', '0.41', '0.73', '3.32', '4.39']","[65.85365853658539, -43.83561643835617, -78.01204819277109, -24.373576309794988]"
Action Financia,1,,511706,financeinvestments,"['-0.01', '0.03', '-0.01', '--', '--', '-0.06', '--', '0.01', '-0.05', '1.01']",[],"['0.24', '0.35', '0.36', '0.28', '0.23', '0.29', '0.30', '0.42', '0.44', '0.44']","[-31.428571428571427, -2.7777777777777803, 28.57142857142855, 21.739130434782613, -20.689655172413783, -3.3333333333333366, -28.57142857142857, -4.545454545454549, 0.0]","[-0.5833333333333334, 1.0285714285714287, -0.3055555555555556, -0.21428571428571425, 0.13043478260869565, 2.103448275862069, 0.0, 0.2619047619047619, -1.5, 2.5]","['-0.14', '0.36', '-0.11', '-0.06', '0.03', '0.61', '0.00', '0.11', '-0.66', '1.10']","['0.02', '-0.06', '0.03', '--', '--']","[133.33333333333334, -300.0]"
Ad Manum Fin,1,,511359,financeleasinghirepurchase,"['0.27', '-0.17', '0.43', '0.59', '0.57', '2.89', '3.11', '--', '3.14', '3.90']",[],"['3.66', '4.68', '4.32', '4.31', '5.84', '7.14', '7.57', '7.89', '8.17', '9.18']","[-21.79487179487179, 8.33333333333332, 0.2320185614849345, -26.198630136986306, -18.207282913165265, -5.680317040951131, -4.055766793409372, -3.427172582619342, -11.002178649237472]","[0.0546448087431694, -0.02777777777777778, 0.07407407407407407, 0.10440835266821347, 0.07363013698630137, 0.303921568627451, 0.30779392338177014, 0.14575411913814956, 0.28886168910648713, 0.31917211328976036]","['0.20', '-0.13', '0.32', '0.45', '0.43', '2.17', '2.33', '1.15', '2.36', '2.93']","['1.29', '6.80', '11.02', '7.42', '8.95']","[-81.02941176470588, -38.294010889292196, 48.51752021563342, -17.094972067039098]"
Adam Comsof,1,,526177,computerssoftwaremediumsmall,"['--', '--', '--', '--', '--', '--', '--', '--', '--', '--']",[],"['4.93', '5.19', '15.94', '3.91', '4.21', '4.51', '3.12', '3.27', '10.60', '9.32']","[-5.009633911368027, -67.44040150564618, 307.6726342710997, -7.125890736342039, -6.651884700665185, 44.55128205128204, -4.58715596330275, -69.15094339622641, 13.733905579399133]","[0.0973630831643002, 0.07129094412331406, 0.2954830614805521, 0.34782608695652173, 0.09738717339667458, 0.031042128603104218, 0.11858974358974358, 0.11009174311926605, 0.18867924528301888, 0.17489270386266093]","['0.48', '0.37', '4.71', '1.36', '0.41', '0.14', '0.37', '0.36', '2.00', '1.63']","['--', '--', '--', '--', '--']",[]
Adani Enterpris,1,ADANIENT,512599,trading,"['0.63', '0.66', '1.93', '0.01', '0.93', '-0.39', '-0.93', '-1.24', '-0.67', '0.27']","[6200.0, -29.03225806451613, 307.5268817204301, 100.80645161290323, 238.8059701492537, -244.44444444444443]","['2396.57', '3310.67', '3322.71', '4053.94', '2692.19', '3041.55', '3189.63', '2776.17', '3418.70', '3301.06']","[-27.610725321460606, -0.36235482482672166, -18.037514122063968, 50.5814968482908, -11.486248787624733, -4.642544746569349, 14.893180172683952, -18.794571035773824, 3.5637037799979363]","[0.029129130382171187, 0.021989506655752458, 0.06388760981247235, 0.00025407381460998434, 0.03796537391491685, -0.014052045831894922, -0.03205700974721206, -0.04895233361069387, -0.021531576330183988, 0.009042549968797902]","['69.81', '72.80', '212.28', '1.03', '102.21', '-42.74', '-102.25', '-135.90', '-73.61', '29.85']","['3.70', '-1.62', '4.73', '3.29', '2.53']","[328.39506172839504, -134.24947145877377, 43.768996960486334, 30.039525691699616]"
Adani Ports,1,ADANIPORTS,532921,infrastructuregeneral,"['2.99', '2.68', '2.87', '2.56', '2.44', '2.55', '2.30', '1.68', '3.28', '2.45']","[22.54098360655739, 5.098039215686288, 24.78260869565219, 52.380952380952394, -25.60975609756097, 4.0816326530612095]","['1043.39', '933.62', '922.82', '849.50', '854.01', '801.08', '801.84', '794.10', '1638.78', '771.51']","[11.757460208650212, 1.17032574066448, 8.630959387875228, -0.5280968606924966, 6.607330104359109, -0.09478200139678625, 0.9746883264072547, -51.54322117672903, 112.4120231753315]","[0.5933256021238463, 0.5938925901330306, 0.6438958843544786, 0.6231547969393761, 0.5914450650460767, 0.6595471113996105, 0.5949441285044398, 0.4377534315577383, 0.4046607842419361, 0.636116187735739]","['619.07', '554.47', '594.20', '529.37', '505.10', '528.35', '477.05', '347.62', '663.15', '490.77']","['10.55', '9.80', '8.76', '5.88', '4.92']","[7.653061224489795, 11.87214611872147, 48.97959183673469, 19.51219512195122]"
Adani Power,1,ADANIPOWER,533096,powergenerationdistribution,"['-0.47', '1.46', '0.19', '-1.50', '-0.63', '9.92', '-1.48', '-3.17', '-3.57', '-1.78']",[],"['3054.27', '2490.32', '3043.53', '2406.51', '2999.38', '4379.93', '2499.62', '2014.44', '2107.81', '1745.66']","[22.645684088791793, -18.176590997953035, 26.470698231048278, -19.76641839313458, -31.519910135550113, 75.22383402277148, 24.08510553801552, -4.42971615088646, 20.745735137426525]","[-0.044239703758999695, 0.16793424138263355, 0.017663699717104808, -0.17930114564244484, -0.059919049936986976, 0.650695330747295, -0.1705299205479233, -0.4516143444331923, -0.4358599684032242, -0.24436029925644168]","['-135.12', '418.21', '53.76', '-431.49', '-179.72', '2850.00', '-426.26', '-909.75', '-918.71', '-426.57']","['-0.24', '2.13', '-8.16', '-1.35', '2.40']",[]
Adarsh Chemical,1,ADARSHCHEM,506225,fertilisers,"['--', '--', '--', '--', '--', '--', '--', '--', '--', '--']",[],"['--', '--', '--', '--', '--', '--', '--', '--', '--', '0.06']",[-1],[],"['-0.61', '-0.63', '1.03', '-1.21', '-1.21', '-1.27', '-1.28', '-1.28', '-1.27', '-1.39']","['--', '--', '--', '--', '--']",[]
Adarsh Mercant,1,,538563,miscellaneous,"['0.04', '-0.15', '0.64', '-0.56', '0.24', '--']",[],"['--', '0.57', '0.65', '0.04', '0.06', '0.14']",[-1],[],"['0.02', '-0.06', '0.23', '-0.21', '0.09', '-0.02']","['0.03', '0.08', '0.01', '0.11', '0.11']","[-62.5, 700.0000000000001, -90.90909090909092, 0.0]"
Adarsh Plant,1,,526711,pumps,"['-0.06', '-0.12', '-0.20', '-0.23', '-0.20', '0.13', '-0.29', '0.21', '-0.47', '0.08']",[],"['2.37', '2.34', '2.27', '1.98', '2.28', '2.26', '1.77', '3.07', '0.74', '-0.06']","[1.2820512820512928, 3.0837004405286272, 14.646464646464649, -13.157894736842099, 0.8849557522123902, 27.683615819209027, -42.34527687296416, 314.86486486486484, -1333.3333333333335]","[-0.02531645569620253, -0.047008547008547015, -0.0881057268722467, -0.11111111111111112, -0.08771929824561404, 0.057522123893805316, -0.1638418079096045, 0.06840390879478828, -0.6216216216216216, -1.3333333333333335]","['-0.06', '-0.11', '-0.20', '-0.22', '-0.20', '0.13', '-0.29', '0.21', '-0.46', '0.08']","['-0.73', '-0.42', '-0.15', '-0.64', '-1.07']",[]
ADC India Comm,1,KRONECOMM,523411,telecommunicationsequipment,"['1.12', '3.19', '3.18', '2.95', '1.48', '3.15', '1.89', '1.19', '0.97', '-1.34']","[-24.324324324324316, 1.269841269841271, 68.25396825396827, 147.8991596638656, 52.57731958762887, 335.07462686567163]","['12.16', '13.34', '16.10', '14.34', '12.74', '12.86', '13.14', '11.58', '10.20', '10.66']","[-8.845577211394302, -17.142857142857153, 12.273361227336133, 12.558869701726842, -0.9331259720062148, -2.130898021308989, 13.471502590673579, 13.52941176470589, -4.315196998123835]","[0.04276315789473684, 0.11019490254872563, 0.09068322981366458, 0.09483960948396096, 0.05337519623233909, 0.11275272161741835, 0.06621004566210045, 0.04749568221070812, 0.04411764705882353, -0.05816135084427767]","['0.52', '1.47', '1.46', '1.36', '0.68', '1.45', '0.87', '0.55', '0.45', '-0.62']","['10.82', '7.21', '-13.17', '4.54', '4.61']","[50.069348127600556, 154.74563401670463, -390.08810572687224, -1.5184381778741924]"
Add-Life Pharma,1,,524665,pharmaceuticals,"['--', '--', '--', '--', '--', '--', '--', '--', '--', '--']",[],"['0.31', '0.13', '0.20', '0.40', '0.39', '0.50', '0.43', '0.37', '0.34', '--']","[138.46153846153845, -35.0, -50.0, 2.5641025641025665, -21.999999999999996, 16.27906976744186, 16.216216216216218, 8.823529411764696]","[0.0, 0.0, 0.049999999999999996, -0.049999999999999996, -0.05128205128205128, 0.2, -0.16279069767441862, -0.05405405405405406, -0.14705882352941177]","['0.00', '0.00', '0.01', '-0.02', '-0.02', '0.10', '-0.07', '-0.02', '-0.05', '-0.07']","['--', '--', '--', '--', '--']",[]
Addi Industries,1,,507852,textileshosieryknitwear,"['0.89', '0.98', '-0.12', '-0.11', '0.08', '-0.10', '-0.18', '-0.16', '-0.16', '2.76']","[1012.5, 1080.0, 33.33333333333333, 31.25, 150.0, -103.6231884057971]","['--', '0.19', '--', '0.00', '--', '0.22', '0.44', '0.00', '--', '0.06']",[-1],[],"['0.96', '1.06', '-0.13', '-0.12', '0.09', '-0.11', '-0.19', '-0.17', '-0.17', '2.98']","['0.83', '-0.60', '2.08', '-2.40', '0.53']","[238.33333333333334, -128.84615384615387, 186.66666666666669, -552.8301886792452]"
ADF Foods,1,ADFFOODS,519183,foodprocessing,"['1.59', '1.24', '1.21', '1.64', '2.55', '1.43', '0.91', '1.52', '1.80', '4.17']","[-37.647058823529406, -13.286713286713283, 32.967032967032964, 7.894736842105256, 41.66666666666665, -65.70743405275779]","['35.66', '40.95', '31.40', '32.86', '35.42', '42.22', '30.54', '33.16', '27.55', '35.81']","[-12.918192918192933, 30.41401273885352, -4.4430919050517375, -7.227555053642017, -16.10611084793936, 38.24492468893255, -7.901085645355844, 20.36297640653356, -23.066182630550127]","[0.09814918676388111, 0.06666666666666667, 0.08471337579617835, 0.10986001217285453, 0.15838509316770186, 0.07437233538607296, 0.06548788474132286, 0.10102533172496986, 0.14337568058076225, 0.2870706506562412]","['3.50', '2.73', '2.66', '3.61', '5.61', '3.14', '2.00', '3.35', '3.95', '10.28']","['6.64', '5.66', '7.59', '5.77', '8.90']","[17.314487632508825, -25.428194993412383, 31.542461005199314, -35.1685393258427]"
Adhbhut Infra,1,,539189,infrastructuregeneral,"['0.18', '0.18', '0.19', '0.21', '0.12', '0.04', '0.05', '0.05', '0.07', '0.07']","[50.0, 349.99999999999994, 280.0, 319.99999999999994, 71.4285714285714, -42.85714285714286]","['0.27', '0.28', '0.28', '0.33', '0.25', '0.26', '0.26', '0.26', '0.27', '0.25']","[-3.571428571428574, 0.0, -15.151515151515147, 32.00000000000001, -3.8461538461538494, 0.0, 0.0, -3.703703703703707, 8.000000000000007]","[0.7407407407407407, 0.6785714285714285, 0.7142857142857143, 0.7272727272727272, 0.52, 0.15384615384615385, 0.19230769230769232, 0.23076923076923075, 0.2962962962962963, 0.28]","['0.20', '0.19', '0.20', '0.24', '0.13', '0.04', '0.05', '0.06', '0.08', '0.07']","['0.75', '0.25', '0.48', '--', '16.26']","[200.0, -47.916666666666664]"
Adhinath Textil,1,,514113,textilesspinningsyntheticblended,"['0.11', '0.09', '0.14', '0.08', '0.16', '0.02', '0.06', '-0.13', '0.36', '-0.74']","[-31.25, 349.99999999999994, 133.33333333333337, 161.53846153846155, -55.55555555555556, 102.7027027027027]","['0.29', '0.26', '0.22', '0.19', '0.22', '0.18', '0.20', '0.15', '0.39', '1.51']","[11.538461538461526, 18.181818181818183, 15.789473684210526, -13.636363636363635, 22.222222222222225, -10.000000000000009, 33.33333333333335, -61.53846153846154, -74.17218543046357]","[0.2758620689655173, 0.23076923076923075, 0.40909090909090906, 0.2631578947368421, 0.5, 0.11111111111111112, 0.19999999999999998, -0.6, 0.641025641025641, -0.33774834437086093]","['0.08', '0.06', '0.09', '0.05', '0.11', '0.02', '0.04', '-0.09', '0.25', '-0.51']","['0.47', '0.32', '1.10', '0.96', '0.60']","[46.874999999999986, -70.9090909090909, 14.583333333333348, 60.0]"
Adhunik Ind,1,,538365,steelmediumsmall,"['0.53', '1.46', '0.12', '0.35']",[],"['115.99', '87.44', '102.65', '103.19']","[32.65096065873742, -14.817340477350227, -0.5233065219497937]","[0.021294939218898183, 0.07799634034766698, 0.005650267900633219, 0.01579610427366993]","['2.47', '6.82', '0.58', '1.63']","['0.93', '0.82', '1.17', '2.72', '2.89']","[13.414634146341475, -29.914529914529915, -56.985294117647065, -5.8823529411764675]"
Adhunik Metalik,1,ADHUNIK,532727,steelspongeiron,"['-7.69', '-6.64', '-9.40', '-9.36', '-0.84', '0.37', '0.36', '0.13', '0.05', '0.07']",[],"['2.71', '30.81', '162.36', '401.00', '423.44', '450.79', '433.07', '381.42', '351.68', '561.93']","[-91.20415449529374, -81.02365114560236, -59.51122194513715, -5.299452106555828, -6.067126599968948, 4.091717274343646, 13.541502805306479, 8.456551410373068, -37.41569234602174]","[-35.03321033210332, -2.663420967218436, -0.7146464646464646, -0.2882044887780548, -0.024489892310598903, 0.01020430799263515, 0.01027547509640474, 0.004273504273504273, 0.001620791628753412, 0.0016194187888171126]","['-94.94', '-82.06', '-116.03', '-115.57', '-10.37', '4.60', '4.45', '1.63', '0.57', '0.91']","['-33.09', '0.02', '0.23', '-0.68', '4.60']",[]
Adi Finechem,1,ADI,530117,chemicals,"['0.45', '2.20', '2.14', '1.80', '3.78', '5.13', '4.37', '3.13', '2.27', '1.14']","[-88.09523809523809, -57.11500974658868, -51.029748283752866, -42.49201277955271, 66.51982378854625, 350.00000000000006]","['37.94', '36.68', '37.01', '33.25', '42.72', '44.05', '39.21', '36.64', '30.66', '29.18']","[3.4351145038167887, -0.8916509051607627, 11.308270676691723, -22.16760299625468, -3.0192962542565227, 12.343789849528171, 7.014192139737991, 19.50424005218526, 5.071967100753943]","[0.016341591987348445, 0.08260632497273718, 0.07970818697649285, 0.07458646616541353, 0.12219101123595505, 0.1459704880817253, 0.14001530221882172, 0.10698689956331878, 0.09262883235485975, 0.089787525702536]","['0.62', '3.03', '2.95', '2.48', '5.22', '6.43', '5.49', '3.92', '2.84', '2.62']","['9.92', '14.90', '7.51', '7.76', '5.33']","[-33.42281879194631, 98.40213049267645, -3.221649484536083, 45.59099437148217]"
Adi Rasayan,1,,531592,dyespigments,"['0.08', '--', '--', '--', '--', '0.01', '--', '--', '--', '--']",[],"['--', '--', '0.02', '--', '--', '--', '--', '--', '--', '0.36']",[-1],[],"['0.06', '0.00', '0.01', '0.01', '0.00', '0.04', '-0.01', '-0.01', '-0.01', '0.03']","['0.03', '--', '--', '--', '--']",[]
Adinath Bio-Lab,1,,590088,aquaculture,"['--', '--', '--', '--', '--', '-0.02', '0.01', '0.01', '0.01', '0.01']",[],"['0.22', '0.45', '0.32', '0.28', '--', '5.78', '9.88', '10.50', '10.43', '10.48']","[-51.11111111111111, 40.625, 14.285714285714276]","[1.0909090909090908, 0.022222222222222223, 0.1875, 0.14285714285714285]","['0.24', '0.01', '0.06', '0.04', '0.05', '-0.38', '0.14', '0.18', '0.20', '0.02']","['--', '0.01', '0.03', '0.03', '0.04']",[]
Adinath Exim,1,,532056,trading,"['0.44', '0.02', '0.09', '0.37', '0.07', '-0.02', '0.07', '0.22', '0.08', '0.01']","[528.5714285714286, 200.0, 28.57142857142855, 68.18181818181817, -12.499999999999993, -300.0]","['0.07', '0.06', '0.07', '0.07', '0.07', '0.03', '0.05', '0.05', '0.05', '0.04']","[16.666666666666682, -14.285714285714295, 0.0, 0.0, 133.33333333333337, -40.00000000000001, 0.0, 0.0, 25.000000000000007]","[2.571428571428571, 0.16666666666666669, 0.5714285714285714, 2.142857142857143, 0.4285714285714285, -0.33333333333333337, 0.6, 1.7999999999999998, 0.6, 0.0]","['0.18', '0.01', '0.04', '0.15', '0.03', '-0.01', '0.03', '0.09', '0.03', '0.00']","['0.56', '0.34', '0.32', '0.37', '0.44']","[64.70588235294117, 6.250000000000005, -13.513513513513512, -15.909090909090912]"
